Company,Contact,Country,Price,Item
Posh Patterns,+18294776199,Cape Verde,68292₽,nature
Chic Couture,+92217279246,Kosovo,54137₽,indication
Crisp Creations,+49339782144,Andorra,30894₽,user
Sophisticated Sewing,+89197032235,Slovakia,25806₽,library
Fashion Fusion,+53303473843,Croatia,20974₽,basket
Fashion Forward,+72572284185,Solomon Islands,97576₽,mode
Chic Couture,+27160426607,Thailand,44994₽,distribution
Clipper Cuts,+86772047286,Chile,81525₽,description
Urban Upmarket,+3622260129,Senegal,86954₽,definition
Crisp Creations,+5273797863,France,98244₽,distribution
Modern Maven,+68812267441,Belize,40130₽,revenue
Classy Collections,+5438085628,Ecuador,50344₽,tea
Modish Mannequins,+76435649515,New Zealand,17565₽,map
Classy Collections,+20303852826,San Marino,77324₽,revenue
Fine Fabrics,+10667783279,Spain,28158₽,perception
Haute Hues,+0113720837,Pakistan,72471₽,awareness
Body Bliss,+78249892525,"Congo, Democratic Republic of the",63529₽,basket
Makeup Maven,+39187674700,Togo,57611₽,agreement
Urban Upmarket,+78707315802,Cuba,63868₽,signature
Chic Boutique,+57104627953,Solomon Islands,29446₽,computer
Beauty Bar,+55332645765,Cyprus,56256₽,user
Dapper Designs,+89587227656,Costa Rica,96557₽,county
Salon Suites,+55335893803,Mozambique,42798₽,newspaper
Modish Mannequins,+1344009793,Kazakhstan,24160₽,sample
Glow Getter,+68364902718,Guyana,53373₽,wood
Sleek Styles,+743669732,Palau,67079₽,analyst
Salon Suites,+69268603525,South Africa,85322₽,library
Trendsetting Tailors,+79446131421,Djibouti,36047₽,cigarette
Lash Lounge,+51810466759,Libya,50388₽,oven
Trendsetting Tailors,+30815729566,Iraq,51899₽,map
Smart Styles,+90299960185,Serbia,66027₽,selection
Posh Patterns,+57883527562,Nauru,24434₽,contribution
Elite Elegance,+29463491597,Bosnia and Herzegovina,70497₽,pizza
Sophisticated Sewing,+18782399334,Jamaica,17677₽,basket
Salon Suites,+83758646034,Trinidad and Tobago,47085₽,dealer
Modish Mannequins,+79524771154,Brazil,14435₽,departure
Makeup Maven,+84873186052,Malta,51286₽,family
Beauty Bar,+68680942011,Chile,66653₽,stranger
Clipper Cuts,+57301347919,Mali,56732₽,distribution
Elite Elegance,+62464826023,Mauritania,31930₽,death
Fashion Forward,+33323565086,Colombia,68439₽,emphasis
Stylish Silhouettes,+35460647829,The Bahamas,42841₽,explanation
Elegant Ensembles,+43190561215,"Korea, South",67205₽,organization
Glow Getter,+36749103770,Fiji,29434₽,payment
Glamour Galore,+74858685175,Saint Kitts and Nevis,83816₽,enthusiasm
Elegant Ensembles,+85413606251,Albania,17558₽,drawer
Dapper Designs,+55498954731,Cuba,64702₽,stranger
Smart Styles,+83864765137,Mexico,85551₽,republic
Stellar Stitches,+10241708976,Andorra,97983₽,enthusiasm
Dapper Designs,+9127257349,Dominica,73522₽,refrigerator
Urban Upmarket,+9595213417,Antigua and Barbuda,86904₽,construction
Modern Maven,+20249739061,Mozambique,64345₽,preparation
Nail Nook,+23111458345,South Africa,50556₽,opinion
Modish Mannequins,+60310589523,Sudan,24785₽,administration
Glamour Galore,+4908241871,Burkina Faso,41628₽,family
Makeup Maven,+39825390632,Benin,14881₽,thanks
Fashion Fusion,+98861521993,Australia,53644₽,employment
Chic Couture,+34615007109,Mexico,74682₽,ladder
Elite Elegance,+84190367908,Gabon,43178₽,republic
Modern Maven,+80897761201,Benin,24285₽,cell
Makeup Maven,+10361114779,Marshall Islands,17222₽,indication
Wellness World,+23198242461,Guinea-Bissau,77269₽,death
Glow Getter,+13690730112,Uruguay,49190₽,addition
Modern Maven,+16257899332,Papua New Guinea,91114₽,preparation
Trendy Threads,+18480915986,Bahrain,78309₽,pizza
Trendy Threads,+96104966355,Somalia,79579₽,preparation
Stylish Silhouettes,+78384723558,Slovakia,66164₽,midnight
Body Bliss,+42230535048,The Bahamas,93054₽,dealer
Fashion Fusion,+64385939509,Mexico,92829₽,county
Stellar Stitches,+84836995081,United States of America,82418₽,cookie
